nominal;data;curs;cdx
100;01/01/2016;60,5806;Японская иена
100;12/01/2016;64,5812;Японская иена
100;13/01/2016;65,1950;Японская иена
100;14/01/2016;64,6294;Японская иена
100;15/01/2016;64,9353;Японская иена
100;16/01/2016;65,1035;Японская иена
100;19/01/2016;66,9827;Японская иена
100;20/01/2016;66,5504;Японская иена
100;21/01/2016;68,3862;Японская иена
100;22/01/2016;71,3937;Японская иена
100;23/01/2016;68,2201;Японская иена
100;26/01/2016;65,7370;Японская иена
100;27/01/2016;69,4466;Японская иена
100;28/01/2016;66,8191;Японская иена
100;29/01/2016;65,0994;Японская иена
100;30/01/2016;62,2236;Японская иена
100;02/02/2016;62,9990;Японская иена
100;03/02/2016;64,5869;Японская иена
100;04/02/2016;66,0880;Японская иена
100;05/02/2016;64,9349;Японская иена
100;06/02/2016;66,1854;Японская иена
100;09/02/2016;65,6122;Японская иена
100;10/02/2016;68,3287;Японская иена
100;11/02/2016;68,9805;Японская иена
100;12/02/2016;70,6789;Японская иена
100;13/02/2016;70,7063;Японская иена
100;16/02/2016;68,3503;Японская иена
100;17/02/2016;66,6623;Японская иена
100;18/02/2016;68,4729;Японская иена
100;19/02/2016;66,3304;Японская иена
100;20/02/2016;67,6251;Японская иена
100;21/02/2016;68,5197;Японская иена
100;25/02/2016;68,1805;Японская иена
100;26/02/2016;68,1501;Японская иена
100;27/02/2016;66,5222;Японская иена
100;01/03/2016;67,1706;Японская иена
100;02/03/2016;65,4733;Японская иена
100;03/03/2016;64,4031;Японская иена
100;04/03/2016;64,8007;Японская иена
100;05/03/2016;64,3021;Японская иена
100;10/03/2016;64,3155;Японская иена
100;11/03/2016;62,6065;Японская иена
100;12/03/2016;61,7891;Японская иена
100;15/03/2016;61,6767;Японская иена
100;16/03/2016;62,4338;Японская иена
100;17/03/2016;62,4923;Японская иена
100;18/03/2016;61,4143;Японская иена
100;19/03/2016;61,4634;Японская иена
100;22/03/2016;61,7699;Японская иена
100;23/03/2016;60,8078;Японская иена
100;24/03/2016;60,1146;Японская иена
100;25/03/2016;61,0754;Японская иена
100;26/03/2016;60,5696;Японская иена
100;29/03/2016;59,7397;Японская иена
100;30/03/2016;60,4944;Японская иена
100;31/03/2016;60,3074;Японская иена
100;01/04/2016;60,3345;Японская иена
100;02/04/2016;59,7792;Японская иена
100;05/04/2016;61,5122;Японская иена
100;06/04/2016;62,3722;Японская иена
100;07/04/2016;62,0806;Японская иена
100;08/04/2016;62,4100;Японская иена
100;09/04/2016;61,9183;Японская иена
100;12/04/2016;62,0752;Японская иена
100;13/04/2016;61,3374;Японская иена
100;14/04/2016;60,2945;Японская иена
100;15/04/2016;60,8904;Японская иена
100;16/04/2016;60,4284;Японская иена
100;19/04/2016;63,0313;Японская иена
100;20/04/2016;60,1856;Японская иена
100;21/04/2016;60,6089;Японская иена
100;22/04/2016;59,2703;Японская иена
100;23/04/2016;59,9410;Японская иена
100;26/04/2016;59,9375;Японская иена
100;27/04/2016;59,9539;Японская иена
100;28/04/2016;58,6436;Японская иена
100;29/04/2016;60,1953;Японская иена
100;30/04/2016;60,0994;Японская иена
100;05/05/2016;61,8370;Японская иена
100;06/05/2016;61,3832;Японская иена
100;07/05/2016;61,8827;Японская иена
100;11/05/2016;60,8986;Японская иена
100;12/05/2016;60,9718;Японская иена
100;13/05/2016;59,6325;Японская иена
100;14/05/2016;59,6981;Японская иена
100;17/05/2016;59,7097;Японская иена
100;18/05/2016;58,9436;Японская иена
100;19/05/2016;59,3949;Японская иена
100;20/05/2016;60,0853;Японская иена
100;21/05/2016;60,1763;Японская иена
100;24/05/2016;61,1496;Японская иена
100;25/05/2016;61,2127;Японская иена
100;26/05/2016;59,8093;Японская иена
100;27/05/2016;59,2622;Японская иена
100;28/05/2016;60,1770;Японская иена
100;31/05/2016;59,4080;Японская иена
100;01/06/2016;59,4319;Японская иена
100;02/06/2016;60,5514;Японская иена
100;03/06/2016;61,2686;Японская иена
100;04/06/2016;61,4146;Японская иена
100;07/06/2016;61,4538;Японская иена
100;08/06/2016;60,4766;Японская иена
100;09/06/2016;60,4455;Японская иена
100;10/06/2016;59,9203;Японская иена
100;11/06/2016;60,4604;Японская иена
100;15/06/2016;62,4019;Японская иена
100;16/06/2016;61,9945;Японская иена
100;17/06/2016;63,2830;Японская иена
100;18/06/2016;62,7750;Японская иена
100;21/06/2016;61,3092;Японская иена
100;22/06/2016;61,4961;Японская иена
100;23/06/2016;61,0045;Японская иена
100;24/06/2016;61,5543;Японская иена
100;25/06/2016;63,6479;Японская иена
100;28/06/2016;63,7519;Японская иена
100;29/06/2016;63,3741;Японская иена
100;30/06/2016;62,7668;Японская иена
100;01/07/2016;62,4184;Японская иена
100;02/07/2016;62,3730;Японская иена
100;05/07/2016;62,0071;Японская иена
100;06/07/2016;63,1995;Японская иена
100;07/07/2016;64,0571;Японская иена
100;08/07/2016;63,4190;Японская иена
100;09/07/2016;63,8307;Японская иена
100;12/07/2016;62,9682;Японская иена
100;13/07/2016;61,9304;Японская иена
100;14/07/2016;61,2617;Японская иена
100;15/07/2016;60,2172;Японская иена
100;16/07/2016;59,6531;Японская иена
100;19/07/2016;59,7486;Японская иена
100;20/07/2016;59,3873;Японская иена
100;21/07/2016;59,5757;Японская иена
100;22/07/2016;59,6875;Японская иена
100;23/07/2016;60,9487;Японская иена
100;26/07/2016;61,0997;Японская иена
100;27/07/2016;63,1243;Японская иена
100;28/07/2016;62,5117;Японская иена
100;29/07/2016;63,1176;Японская иена
100;30/07/2016;64,5934;Японская иена
100;02/08/2016;64,4063;Японская иена
100;03/08/2016;65,8575;Японская иена
100;04/08/2016;66,0060;Японская иена
100;05/08/2016;65,4936;Японская иена
100;06/08/2016;64,8397;Японская иена
100;09/08/2016;63,6167;Японская иена
100;10/08/2016;63,3066;Японская иена
100;11/08/2016;63,9157;Японская иена
100;12/08/2016;64,1257;Японская иена
100;13/08/2016;63,0533;Японская иена
100;16/08/2016;63,5059;Японская иена
100;17/08/2016;63,7474;Японская иена
100;18/08/2016;63,5022;Японская иена
100;19/08/2016;63,4884;Японская иена
100;20/08/2016;63,8147;Японская иена
100;23/08/2016;63,7456;Японская иена
100;24/08/2016;64,6682;Японская иена
100;25/08/2016;64,6814;Японская иена
100;26/08/2016;64,7291;Японская иена
100;27/08/2016;64,4512;Японская иена
100;30/08/2016;63,6707;Японская иена
100;31/08/2016;63,3952;Японская иена
100;01/09/2016;63,2148;Японская иена
100;02/09/2016;62,9951;Японская иена
100;03/09/2016;63,5581;Японская иена
100;06/09/2016;62,6500;Японская иена
100;07/09/2016;62,7383;Японская иена
100;08/09/2016;63,3509;Японская иена
100;09/09/2016;63,0059;Японская иена
100;10/09/2016;62,7652;Японская иена
100;13/09/2016;63,6722;Японская иена
100;14/09/2016;63,6361;Японская иена
100;15/09/2016;62,9499;Японская иена
100;16/09/2016;63,6916;Японская иена
100;17/09/2016;63,7477;Японская иена
100;20/09/2016;63,7726;Японская иена
100;21/09/2016;63,6533;Японская иена
100;22/09/2016;63,3092;Японская иена
100;23/09/2016;63,3822;Японская иена
100;24/09/2016;63,3008;Японская иена
100;27/09/2016;63,7617;Японская иена
100;28/09/2016;63,2965;Японская иена
100;29/09/2016;63,4843;Японская иена
100;30/09/2016;62,2431;Японская иена
100;01/10/2016;62,7373;Японская иена
100;04/10/2016;61,6993;Японская иена
100;05/10/2016;61,0018;Японская иена
100;06/10/2016;60,7512;Японская иена
100;07/10/2016;60,2249;Японская иена
100;08/10/2016;60,0078;Японская иена
100;11/10/2016;60,4568;Японская иена
100;12/10/2016;59,8975;Японская иена
100;13/10/2016;60,4990;Японская иена
100;14/10/2016;60,9687;Японская иена
100;15/10/2016;60,4398;Японская иена
100;18/10/2016;60,6143;Японская иена
100;19/10/2016;60,4566;Японская иена
100;20/10/2016;60,4940;Японская иена
100;21/10/2016;60,1952;Японская иена
100;22/10/2016;60,1434;Японская иена
100;25/10/2016;59,8960;Японская иена
100;26/10/2016;59,4187;Японская иена
100;27/10/2016;59,7416;Японская иена
100;28/10/2016;60,2589;Японская иена
100;29/10/2016;59,7404;Японская иена
100;01/11/2016;60,2271;Японская иена
100;02/11/2016;60,1442;Японская иена
100;03/11/2016;61,2454;Японская иена
100;04/11/2016;61,7356;Японская иена
100;08/11/2016;61,1583;Японская иена
100;09/11/2016;61,0239;Японская иена
100;10/11/2016;61,8727;Японская иена
100;11/11/2016;59,9481;Японская иена
100;12/11/2016;61,1387;Японская иена
100;15/11/2016;61,1023;Японская иена
100;16/11/2016;60,7298;Японская иена
100;17/11/2016;58,9572;Японская иена
100;18/11/2016;59,6128;Японская иена
100;19/11/2016;58,7884;Японская иена
100;22/11/2016;58,0717;Японская иена
100;23/11/2016;57,4391;Японская иена
100;24/11/2016;57,6369;Японская иена
100;25/11/2016;56,9936;Японская иена
100;26/11/2016;57,3383;Японская иена
100;29/11/2016;58,0456;Японская иена
100;30/11/2016;57,8187;Японская иена
100;01/12/2016;57,8712;Японская иена
100;02/12/2016;55,7258;Японская иена
100;03/12/2016;56,2917;Японская иена
100;06/12/2016;56,0223;Японская иена
100;07/12/2016;56,0865;Японская иена
100;08/12/2016;55,9424;Японская иена
100;09/12/2016;55,8405;Японская иена
100;10/12/2016;55,2984;Японская иена
100;13/12/2016;53,0866;Японская иена
100;14/12/2016;52,9538;Японская иена
100;15/12/2016;52,8121;Японская иена
100;16/12/2016;52,3188;Японская иена
100;17/12/2016;52,2013;Японская иена
100;20/12/2016;52,6504;Японская иена
100;21/12/2016;52,3014;Японская иена
100;22/12/2016;51,9570;Японская иена
100;23/12/2016;51,7222;Японская иена
100;24/12/2016;51,8095;Японская иена
100;27/12/2016;52,0073;Японская иена
100;28/12/2016;51,9117;Японская иена
100;29/12/2016;51,5941;Японская иена
100;30/12/2016;51,7543;Японская иена
100;31/12/2016;51,8324;Японская иена
100;10/01/2017;51,1124;Японская иена
100;11/01/2017;51,7575;Японская иена
100;12/01/2017;51,9282;Японская иена
100;13/01/2017;52,1407;Японская иена
100;14/01/2017;51,7905;Японская иена
100;17/01/2017;52,2935;Японская иена
100;18/01/2017;52,4771;Японская иена
100;19/01/2017;52,3026;Японская иена
100;20/01/2017;51,7117;Японская иена
100;21/01/2017;51,9771;Японская иена
100;24/01/2017;52,3982;Японская иена
100;25/01/2017;52,2678;Японская иена
100;26/01/2017;52,0837;Японская иена
100;27/01/2017;52,4476;Японская иена
100;28/01/2017;52,4040;Японская иена
100;31/01/2017;52,3647;Японская иена
100;01/02/2017;52,8662;Японская иена
100;02/02/2017;53,1857;Японская иена
100;03/02/2017;53,1765;Японская иена
100;04/02/2017;52,4019;Японская иена
100;07/02/2017;52,1121;Японская иена
100;08/02/2017;52,7687;Японская иена
100;09/02/2017;53,0253;Японская иена
100;10/02/2017;52,5260;Японская иена
100;11/02/2017;51,7507;Японская иена
100;14/02/2017;51,1041;Японская иена
100;15/02/2017;50,8779;Японская иена
100;16/02/2017;49,5803;Японская иена
100;17/02/2017;50,2556;Японская иена
100;18/02/2017;50,9181;Японская иена
100;21/02/2017;51,3971;Японская иена
100;22/02/2017;50,9906;Японская иена
100;23/02/2017;50,7180;Японская иена
100;28/02/2017;51,5822;Японская иена
100;01/03/2017;51,5614;Японская иена
100;02/03/2017;51,4136;Японская иена
100;03/03/2017;51,1151;Японская иена
100;04/03/2017;51,5645;Японская иена
100;07/03/2017;51,3462;Японская иена
100;08/03/2017;51,1775;Японская иена
100;10/03/2017;51,3277;Японская иена
100;11/03/2017;51,3038;Японская иена
100;14/03/2017;51,5880;Японская иена
100;15/03/2017;51,2309;Японская иена
100;16/03/2017;51,5414;Японская иена
100;17/03/2017;51,3862;Японская иена
100;18/03/2017;51,1156;Японская иена
100;21/03/2017;50,8136;Японская иена
100;22/03/2017;50,7604;Японская иена
100;23/03/2017;51,7541;Японская иена
100;24/03/2017;51,7408;Японская иена
100;25/03/2017;51,6015;Японская иена
100;28/03/2017;51,7218;Японская иена
100;29/03/2017;51,4540;Японская иена
100;30/03/2017;51,3268;Японская иена
100;31/03/2017;50,7292;Японская иена
100;01/04/2017;50,0162;Японская иена
100;04/04/2017;50,3833;Японская иена
100;05/04/2017;51,2021;Японская иена
100;06/04/2017;50,4983;Японская иена
100;07/04/2017;51,0072;Японская иена
100;08/04/2017;51,4858;Японская иена
100;11/04/2017;51,5445;Японская иена
100;12/04/2017;51,4849;Японская иена
100;13/04/2017;51,7300;Японская иена
100;14/04/2017;51,9355;Японская иена
100;15/04/2017;51,7009;Японская иена
100;18/04/2017;51,9084;Японская иена
100;19/04/2017;51,4256;Японская иена
100;20/04/2017;51,5606;Японская иена
100;21/04/2017;51,7654;Японская иена
100;22/04/2017;51,4933;Японская иена
100;25/04/2017;50,9142;Японская иена
100;26/04/2017;50,5914;Японская иена
100;27/04/2017;50,6231;Японская иена
100;28/04/2017;51,1659;Японская иена
100;29/04/2017;51,1823;Японская иена
100;03/05/2017;50,7977;Японская иена
100;04/05/2017;50,9052;Японская иена
100;05/05/2017;51,0317;Японская иена
100;06/05/2017;52,1197;Японская иена
100;11/05/2017;51,0233;Японская иена
100;12/05/2017;50,0075;Японская иена
100;13/05/2017;50,2695;Японская иена
100;16/05/2017;49,7433;Японская иена
100;17/05/2017;49,5576;Японская иена
100;18/05/2017;50,4408;Японская иена
100;19/05/2017;51,8129;Японская иена
100;20/05/2017;51,2901;Японская иена
100;23/05/2017;50,7193;Японская иена
100;24/05/2017;50,8201;Японская иена
100;25/05/2017;50,2966;Японская иена
100;26/05/2017;50,1679;Японская иена
100;27/05/2017;51,0832;Японская иена
100;30/05/2017;50,9278;Японская иена
100;31/05/2017;50,9229;Японская иена
100;01/06/2017;51,1367;Японская иена
100;02/06/2017;50,8749;Японская иена
100;03/06/2017;50,8295;Японская иена
100;06/06/2017;51,2239;Японская иена
100;07/06/2017;51,6893;Японская иена
100;08/06/2017;51,8227;Японская иена
100;09/06/2017;51,8948;Японская иена
100;10/06/2017;51,6627;Японская иена
100;14/06/2017;51,6562;Японская иена
100;15/06/2017;51,7446;Японская иена
100;16/06/2017;52,4145;Японская иена
100;17/06/2017;51,8715;Японская иена
100;20/06/2017;52,1843;Японская иена
100;21/06/2017;52,4968;Японская иена
100;22/06/2017;53,9714;Японская иена
100;23/06/2017;54,1802;Японская иена
100;24/06/2017;53,6261;Японская иена
100;27/06/2017;52,8473;Японская иена
100;28/06/2017;52,7874;Японская иена
100;29/06/2017;53,1763;Японская иена
100;30/06/2017;52,4855;Японская иена
100;01/07/2017;53,0116;Японская иена
100;04/07/2017;52,2432;Японская иена
100;05/07/2017;52,3090;Японская иена
100;06/07/2017;52,4738;Японская иена
100;07/07/2017;53,1591;Японская иена
100;08/07/2017;53,0783;Японская иена
100;11/07/2017;52,8241;Японская иена
100;12/07/2017;53,1383;Японская иена
100;13/07/2017;53,4497;Японская иена
100;14/07/2017;53,2528;Японская иена
100;15/07/2017;52,8397;Японская иена
100;18/07/2017;52,4539;Японская иена
100;19/07/2017;52,8466;Японская иена
100;20/07/2017;52,8520;Японская иена
100;21/07/2017;52,5854;Японская иена
100;22/07/2017;52,7337;Японская иена
100;25/07/2017;53,8010;Японская иена
100;26/07/2017;53,7694;Японская иена
100;27/07/2017;53,5702;Японская иена
100;28/07/2017;53,3952;Японская иена
100;29/07/2017;53,5488;Японская иена
100;01/08/2017;54,2577;Японская иена
100;02/08/2017;54,2988;Японская иена
100;03/08/2017;54,6990;Японская иена
100;04/08/2017;54,9106;Японская иена
100;05/08/2017;54,7865;Японская иена
100;08/08/2017;54,2136;Японская иена
100;09/08/2017;54,2613;Японская иена
100;10/08/2017;54,6417;Японская иена
100;11/08/2017;54,4940;Японская иена
100;12/08/2017;55,2101;Японская иена
100;15/08/2017;54,4791;Японская иена
100;16/08/2017;54,2813;Японская иена
100;17/08/2017;53,7721;Японская иена
100;18/08/2017;53,8431;Японская иена
100;19/08/2017;54,4174;Японская иена
100;22/08/2017;54,2751;Японская иена
100;23/08/2017;53,9889;Японская иена
100;24/08/2017;54,0505;Японская иена
100;25/08/2017;54,0879;Японская иена
100;26/08/2017;53,9496;Японская иена
100;29/08/2017;53,6242;Японская иена
100;30/08/2017;53,9664;Японская иена
100;31/08/2017;53,4133;Японская иена
100;01/09/2017;52,9895;Японская иена
100;02/09/2017;52,7491;Японская иена
100;05/09/2017;52,8024;Японская иена
100;06/09/2017;52,8337;Японская иена
100;07/09/2017;52,7495;Японская иена
100;08/09/2017;52,4351;Японская иена
100;09/09/2017;52,9585;Японская иена
100;12/09/2017;52,7077;Японская иена
100;13/09/2017;52,2068;Японская иена
100;14/09/2017;52,4468;Японская иена
100;15/09/2017;52,3450;Японская иена
100;16/09/2017;51,9890;Японская иена
100;19/09/2017;51,7528;Японская иена
100;20/09/2017;52,0253;Японская иена
100;21/09/2017;52,1734;Японская иена
100;22/09/2017;51,7617;Японская иена
100;23/09/2017;51,4848;Японская иена
100;26/09/2017;51,3066;Японская иена
100;27/09/2017;51,5007;Японская иена
100;28/09/2017;51,4343;Японская иена
100;29/09/2017;51,8301;Японская иена
100;30/09/2017;51,6096;Японская иена
100;03/10/2017;51,1872;Японская иена
100;04/10/2017;51,2200;Японская иена
100;05/10/2017;51,3286;Японская иена
100;06/10/2017;51,1196;Японская иена
100;07/10/2017;51,1048;Японская иена
100;10/10/2017;51,7597;Японская иена
100;11/10/2017;51,6856;Японская иена
100;12/10/2017;51,5793;Японская иена
100;13/10/2017;51,3892;Японская иена
100;14/10/2017;51,4185;Японская иена
100;17/10/2017;51,0723;Японская иена
100;18/10/2017;51,1250;Японская иена
100;19/10/2017;50,9017;Японская иена
100;20/10/2017;51,1035;Японская иена
100;21/10/2017;50,6980;Японская иена
100;24/10/2017;50,4925;Японская иена
100;25/10/2017;50,6734;Японская иена
100;26/10/2017;50,6030;Японская иена
100;27/10/2017;50,7907;Японская иена
100;28/10/2017;50,9369;Японская иена
100;31/10/2017;50,9052;Японская иена
100;01/11/2017;51,4067;Японская иена
100;02/11/2017;51,0630;Японская иена
100;03/11/2017;50,9155;Японская иена
100;04/11/2017;51,2338;Японская иена
100;08/11/2017;51,2028;Японская иена
100;09/11/2017;52,0724;Японская иена
100;10/11/2017;52,1591;Японская иена
100;11/11/2017;52,2137;Японская иена
100;14/11/2017;52,1499;Японская иена
100;15/11/2017;52,3471;Японская иена
100;16/11/2017;53,3673;Японская иена
100;17/11/2017;53,0390;Японская иена
100;18/11/2017;52,9643;Японская иена
100;21/11/2017;52,8954;Японская иена
100;22/11/2017;52,8419;Японская иена
100;23/11/2017;52,6582;Японская иена
100;24/11/2017;52,5621;Японская иена
100;25/11/2017;52,5538;Японская иена
100;28/11/2017;52,4241;Японская иена
100;29/11/2017;52,5221;Японская иена
100;30/11/2017;52,3525;Японская иена
100;01/12/2017;52,1488;Японская иена
100;02/12/2017;51,9908;Японская иена
100;05/12/2017;52,2508;Японская иена
100;06/12/2017;52,1224;Японская иена
100;07/12/2017;52,5206;Японская иена
100;08/12/2017;52,6550;Японская иена
100;09/12/2017;52,1956;Японская иена
100;12/12/2017;52,2376;Японская иена
100;13/12/2017;51,8730;Японская иена
100;14/12/2017;52,1672;Японская иена
100;15/12/2017;52,0855;Японская иена
100;16/12/2017;52,5248;Японская иена
100;19/12/2017;52,0683;Японская иена
100;20/12/2017;52,0553;Японская иена
100;21/12/2017;51,8999;Японская иена
100;22/12/2017;51,5921;Японская иена
100;23/12/2017;51,4175;Японская иена
100;26/12/2017;51,3875;Японская иена
100;27/12/2017;50,9593;Японская иена
100;28/12/2017;50,7570;Японская иена
100;29/12/2017;51,1055;Японская иена
100;30/12/2017;51,1479;Японская иена
100;10/01/2018;50,5483;Японская иена
100;11/01/2018;50,8138;Японская иена
100;12/01/2018;51,0325;Японская иена
100;13/01/2018;50,8713;Японская иена
100;16/01/2018;50,9073;Японская иена
100;17/01/2018;50,9306;Японская иена
100;18/01/2018;51,0970;Японская иена
100;19/01/2018;51,0406;Японская иена
100;20/01/2018;51,1726;Японская иена
100;23/01/2018;51,0835;Японская иена
100;24/01/2018;50,8418;Японская иена
100;25/01/2018;51,3255;Японская иена
100;26/01/2018;51,2521;Японская иена
100;27/01/2018;51,2308;Японская иена
100;30/01/2018;51,6595;Японская иена
100;31/01/2018;51,7551;Японская иена
100;01/02/2018;51,6896;Японская иена
100;02/02/2018;51,3591;Японская иена
100;03/02/2018;51,0553;Японская иена
100;06/02/2018;51,5454;Японская иена
100;07/02/2018;52,3869;Японская иена
100;08/02/2018;52,2483;Японская иена
100;09/02/2018;52,5667;Японская иена
100;10/02/2018;53,2489;Японская иена
100;13/02/2018;53,4227;Японская иена
100;14/02/2018;53,6822;Японская иена
100;15/02/2018;53,6369;Японская иена
100;16/02/2018;53,1603;Японская иена
100;17/02/2018;53,2207;Японская иена
100;20/02/2018;52,8628;Японская иена
100;21/02/2018;52,7806;Японская иена
100;22/02/2018;52,6179;Японская иена
100;23/02/2018;52,8819;Японская иена
100;27/02/2018;52,4438;Японская иена
100;28/02/2018;51,9980;Японская иена
100;01/03/2018;52,6100;Японская иена
100;02/03/2018;52,8427;Японская иена
100;03/03/2018;53,5604;Японская иена
100;06/03/2018;54,1309;Японская иена
100;07/03/2018;53,2831;Японская иена
100;08/03/2018;53,6898;Японская иена
100;13/03/2018;53,1595;Японская иена
100;14/03/2018;53,2435;Японская иена
100;15/03/2018;53,3870;Японская иена
100;16/03/2018;53,7280;Японская иена
100;17/03/2018;54,3809;Японская иена
100;20/03/2018;54,3739;Японская иена
100;21/03/2018;54,2146;Японская иена
100;22/03/2018;54,0853;Японская иена
100;23/03/2018;53,7664;Японская иена
100;24/03/2018;54,3800;Японская иена
100;27/03/2018;54,2404;Японская иена
100;28/03/2018;54,1786;Японская иена
100;29/03/2018;54,5151;Японская иена
100;30/03/2018;54,1888;Японская иена
100;31/03/2018;53,9294;Японская иена
100;03/04/2018;53,8874;Японская иена
100;04/04/2018;54,2091;Японская иена
100;05/04/2018;54,4487;Японская иена
100;06/04/2018;53,7700;Японская иена
100;07/04/2018;53,8409;Японская иена
100;10/04/2018;54,6655;Японская иена
100;11/04/2018;58,2597;Японская иена
100;12/04/2018;59,9220;Японская иена
100;13/04/2018;58,0571;Японская иена
100;14/04/2018;57,0841;Японская иена
100;17/04/2018;58,0883;Японская иена
100;18/04/2018;57,1532;Японская иена
100;19/04/2018;57,3528;Японская иена
100;20/04/2018;56,6941;Японская иена
100;21/04/2018;57,0147;Японская иена
100;24/04/2018;57,2592;Японская иена
100;25/04/2018;56,6638;Японская иена
100;26/04/2018;56,5393;Японская иена
100;27/04/2018;57,2525;Японская иена
100;28/04/2018;57,3757;Японская иена
100;29/04/2018;56,8570;Японская иена
100;04/05/2018;57,8961;Японская иена
100;05/05/2018;57,9323;Японская иена
100;08/05/2018;57,4127;Японская иена
100;09/05/2018;57,8069;Японская иена
100;11/05/2018;56,9114;Японская иена
100;12/05/2018;56,4490;Японская иена
100;15/05/2018;56,3863;Японская иена
100;16/05/2018;56,3568;Японская иена
100;17/05/2018;56,5443;Японская иена
100;18/05/2018;55,8737;Японская иена
100;19/05/2018;55,8277;Японская иена
100;22/05/2018;56,1587;Японская иена
100;23/05/2018;55,1975;Японская иена
100;24/05/2018;56,0383;Японская иена
100;25/05/2018;55,9867;Японская иена
100;26/05/2018;56,3390;Японская иена
100;29/05/2018;56,9023;Японская иена
100;30/05/2018;57,7027;Японская иена
100;31/05/2018;57,6077;Японская иена
100;01/06/2018;56,9816;Японская иена
100;02/06/2018;57,0014;Японская иена
100;05/06/2018;56,5433;Японская иена
100;06/06/2018;56,4398;Японская иена
100;07/06/2018;56,3515;Японская иена
100;08/06/2018;56,2264;Японская иена
100;09/06/2018;57,3043;Японская иена
100;10/06/2018;56,9084;Японская иена
100;14/06/2018;57,0286;Японская иена
100;15/06/2018;56,5893;Японская иена
100;16/06/2018;56,7517;Японская иена
100;19/06/2018;57,4592;Японская иена
100;20/06/2018;58,4059;Японская иена
100;21/06/2018;57,7580;Японская иена
100;22/06/2018;57,6817;Японская иена
100;23/06/2018;57,3940;Японская иена
100;26/06/2018;57,4804;Японская иена
100;27/06/2018;57,2465;Японская иена
100;28/06/2018;57,5087;Японская иена
100;29/06/2018;57,3340;Японская иена
100;30/06/2018;56,6983;Японская иена
100;03/07/2018;57,0236;Японская иена
100;04/07/2018;56,9878;Японская иена
100;05/07/2018;57,2161;Японская иена
100;06/07/2018;57,1742;Японская иена
100;07/07/2018;57,0694;Японская иена
100;10/07/2018;56,8966;Японская иена
100;11/07/2018;56,2079;Японская иена
100;12/07/2018;55,9265;Японская иена
100;13/07/2018;55,3855;Японская иена
100;14/07/2018;55,2467;Японская иена
100;17/07/2018;55,3629;Японская иена
100;18/07/2018;55,5646;Японская иена
100;19/07/2018;55,6569;Японская иена
100;20/07/2018;55,9828;Японская иена
100;21/07/2018;56,4470;Японская иена
100;24/07/2018;56,9408;Японская иена
100;25/07/2018;56,5681;Японская иена
100;26/07/2018;56,7197;Японская иена
100;27/07/2018;56,8602;Японская иена
100;28/07/2018;56,6632;Японская иена
100;31/07/2018;56,5081;Японская иена
100;01/08/2018;55,9843;Японская иена
100;02/08/2018;55,8488;Японская иена
100;03/08/2018;56,5606;Японская иена
100;04/08/2018;56,8007;Японская иена
100;07/08/2018;57,0661;Японская иена
100;08/08/2018;57,0758;Японская иена
100;09/08/2018;57,3160;Японская иена
100;10/08/2018;59,6764;Японская иена
100;11/08/2018;60,3559;Японская иена
100;14/08/2018;61,8554;Японская иена
100;15/08/2018;60,0923;Японская иена
100;16/08/2018;59,6461;Японская иена
100;17/08/2018;60,3811;Японская иена
100;18/08/2018;60,4062;Японская иена
100;21/08/2018;60,7119;Японская иена
100;22/08/2018;60,9686;Японская иена
100;23/08/2018;61,2411;Японская иена
100;24/08/2018;61,8493;Японская иена
100;25/08/2018;60,8729;Японская иена
100;28/08/2018;60,6273;Японская иена
100;29/08/2018;60,6635;Японская иена
100;30/08/2018;61,2898;Японская иена
100;31/08/2018;61,0027;Японская иена
100;01/09/2018;61,4704;Японская иена
100;04/09/2018;61,0172;Японская иена
100;05/09/2018;61,2238;Японская иена
100;06/09/2018;61,4126;Японская иена
100;07/09/2018;61,3184;Японская иена
100;08/09/2018;62,3536;Японская иена
100;11/09/2018;62,9248;Японская иена
100;12/09/2018;62,7686;Японская иена
100;13/09/2018;62,4223;Японская иена
100;14/09/2018;61,5772;Японская иена
100;15/09/2018;61,0675;Японская иена
100;18/09/2018;60,9245;Японская иена
100;19/09/2018;60,5225;Японская иена
100;20/09/2018;59,6305;Японская иена
100;21/09/2018;59,2156;Японская иена
100;22/09/2018;58,7659;Японская иена
100;25/09/2018;58,7535;Японская иена
100;26/09/2018;58,3007;Японская иена
100;27/09/2018;58,2785;Японская иена
100;28/09/2018;58,4140;Японская иена
100;29/09/2018;57,8273;Японская иена
100;02/10/2018;57,5164;Японская иена
100;03/10/2018;57,3507;Японская иена
100;04/10/2018;57,4680;Японская иена
100;05/10/2018;57,9000;Японская иена
100;06/10/2018;58,5397;Японская иена
100;09/10/2018;58,9485;Японская иена
100;10/10/2018;58,6782;Японская иена
100;11/10/2018;58,4941;Японская иена
100;12/10/2018;59,4354;Японская иена
100;13/10/2018;58,7359;Японская иена
100;16/10/2018;58,8400;Японская иена
100;17/10/2018;58,4285;Японская иена
100;18/10/2018;58,2677;Японская иена
100;19/10/2018;58,3822;Японская иена
100;20/10/2018;58,5456;Японская иена
100;23/10/2018;57,9241;Японская иена
100;24/10/2018;58,1594;Японская иена
100;25/10/2018;58,3455;Японская иена
100;26/10/2018;58,5386;Японская иена
100;27/10/2018;58,5839;Японская иена
100;30/10/2018;58,7904;Японская иена
100;31/10/2018;58,2820;Японская иена
100;01/11/2018;57,9958;Японская иена
100;02/11/2018;58,1580;Японская иена
100;03/11/2018;58,0764;Японская иена
100;07/11/2018;58,2472;Японская иена
100;08/11/2018;58,3901;Японская иена
100;09/11/2018;58,2293;Японская иена
100;10/11/2018;58,7380;Японская иена
100;13/11/2018;59,1665;Японская иена
100;14/11/2018;59,3148;Японская иена
100;15/11/2018;59,7072;Японская иена
100;16/11/2018;58,7157;Японская иена
100;17/11/2018;58,2695;Японская иена
100;20/11/2018;58,5100;Японская иена
100;21/11/2018;58,3282;Японская иена
100;22/11/2018;58,4287;Японская иена
100;23/11/2018;58,0770;Японская иена
100;24/11/2018;58,1865;Японская иена
100;27/11/2018;58,6923;Японская иена
100;28/11/2018;58,8007;Японская иена
100;29/11/2018;58,7972;Японская иена
100;30/11/2018;58,8252;Японская иена
100;01/12/2018;58,6534;Японская иена
100;04/12/2018;58,4097;Японская иена
100;05/12/2018;58,7686;Японская иена
100;06/12/2018;59,1181;Японская иена
100;07/12/2018;59,0468;Японская иена
100;08/12/2018;59,3260;Японская иена
100;11/12/2018;58,8161;Японская иена
100;12/12/2018;58,8177;Японская иена
100;13/12/2018;58,5452;Японская иена
100;14/12/2018;58,3796;Японская иена
100;15/12/2018;58,4881;Японская иена
100;18/12/2018;58,7511;Японская иена
100;19/12/2018;59,3424;Японская иена
100;20/12/2018;59,7269;Японская иена
100;21/12/2018;60,2307;Японская иена
100;22/12/2018;61,2220;Японская иена
100;25/12/2018;61,6643;Японская иена
100;26/12/2018;62,3338;Японская иена
100;27/12/2018;62,3379;Японская иена
100;28/12/2018;62,0870;Японская иена
100;29/12/2018;62,9356;Японская иена
100;30/12/2018;62,9976;Японская иена
100;10/01/2019;61,6087;Японская иена
100;11/01/2019;61,9538;Японская иена
100;12/01/2019;61,7854;Японская иена
100;15/01/2019;62,1257;Японская иена
100;16/01/2019;61,7442;Японская иена
100;17/01/2019;61,4834;Японская иена
100;18/01/2019;61,0893;Японская иена
100;19/01/2019;60,6066;Японская иена
100;22/01/2019;60,5257;Японская иена
100;23/01/2019;60,8345;Японская иена
100;24/01/2019;60,5300;Японская иена
100;25/01/2019;60,1847;Японская иена
100;26/01/2019;60,0364;Японская иена
100;29/01/2019;60,2623;Японская иена
100;30/01/2019;60,7437;Японская иена
100;31/01/2019;60,4663;Японская иена
100;01/02/2019;60,1405;Японская иена
100;02/02/2019;60,2635;Японская иена
100;05/02/2019;59,6914;Японская иена
100;06/02/2019;59,6544;Японская иена
100;07/02/2019;59,8811;Японская иена
100;08/02/2019;59,9990;Японская иена
100;09/02/2019;60,1747;Японская иена
100;12/02/2019;59,6752;Японская иена
100;13/02/2019;59,4380;Японская иена
100;14/02/2019;59,3220;Японская иена
100;15/02/2019;59,9081;Японская иена
100;16/02/2019;60,4837;Японская иена
100;19/02/2019;59,8951;Японская иена
100;20/02/2019;59,7924;Японская иена
100;21/02/2019;59,3973;Японская иена
100;22/02/2019;59,1704;Японская иена
100;23/02/2019;59,1530;Японская иена
100;26/02/2019;58,9878;Японская иена
100;27/02/2019;59,2142;Японская иена
100;28/02/2019;59,5544;Японская иена
100;01/03/2019;59,4939;Японская иена
100;02/03/2019;58,8128;Японская иена
100;05/03/2019;58,7907;Японская иена
100;06/03/2019;58,8002;Японская иена
100;07/03/2019;58,8778;Японская иена
100;08/03/2019;59,0314;Японская иена
100;12/03/2019;59,3971;Японская иена
100;13/03/2019;59,0504;Японская иена
100;14/03/2019;58,8955;Японская иена
100;15/03/2019;58,5489;Японская иена
100;16/03/2019;58,5651;Японская иена
100;19/03/2019;57,9917;Японская иена
100;20/03/2019;57,8050;Японская иена
100;21/03/2019;57,6169;Японская иена
100;22/03/2019;57,7818;Японская иена
100;23/03/2019;57,5572;Японская иена
100;26/03/2019;58,5958;Японская иена
100;27/03/2019;58,2554;Японская иена
100;28/03/2019;58,4098;Японская иена
100;29/03/2019;58,8593;Японская иена
100;30/03/2019;58,4301;Японская иена
100;02/04/2019;58,9003;Японская иена
100;03/04/2019;58,7857;Японская иена
100;04/04/2019;58,4141;Японская иена
100;05/04/2019;58,6455;Японская иена
100;06/04/2019;58,5535;Японская иена
100;09/04/2019;58,6228;Японская иена
100;10/04/2019;58,2183;Японская иена
100;11/04/2019;58,2458;Японская иена
100;12/04/2019;57,9415;Японская иена
100;13/04/2019;57,6380;Японская иена
100;16/04/2019;57,4069;Японская иена
100;17/04/2019;57,3975;Японская иена
100;18/04/2019;57,0810;Японская иена
100;19/04/2019;57,2733;Японская иена
100;20/04/2019;57,1481;Японская иена
100;23/04/2019;56,9950;Японская иена
100;24/04/2019;57,0348;Японская иена
100;25/04/2019;57,2142;Японская иена
100;26/04/2019;57,8140;Японская иена
100;27/04/2019;57,9511;Японская иена
100;30/04/2019;57,8923;Японская иена
100;01/05/2019;58,0591;Японская иена
100;07/05/2019;59,0119;Японская иена
100;08/05/2019;58,9369;Японская иена
100;09/05/2019;59,2208;Японская иена
100;14/05/2019;59,7003;Японская иена
100;15/05/2019;59,5668;Японская иена
100;16/05/2019;59,2119;Японская иена
100;17/05/2019;58,9506;Японская иена
100;18/05/2019;58,9472;Японская иена
100;21/05/2019;58,5596;Японская иена
100;22/05/2019;58,5983;Японская иена
100;23/05/2019;58,3290;Японская иена
100;24/05/2019;58,5141;Японская иена
100;25/05/2019;58,9916;Японская иена
100;28/05/2019;58,8521;Японская иена
100;29/05/2019;59,0506;Японская иена
100;30/05/2019;59,4100;Японская иена
100;31/05/2019;59,2921;Японская иена
100;01/06/2019;60,0757;Японская иена
100;04/06/2019;60,5614;Японская иена
100;05/06/2019;60,3095;Японская иена
100;06/06/2019;60,1582;Японская иена
100;07/06/2019;60,2818;Японская иена
100;08/06/2019;59,9470;Японская иена
100;11/06/2019;59,6363;Японская иена
100;12/06/2019;59,3877;Японская иена
100;14/06/2019;59,6451;Японская иена
100;15/06/2019;59,5413;Японская иена
100;18/06/2019;59,2280;Японская иена
100;19/06/2019;59,3964;Японская иена
100;20/06/2019;59,0406;Японская иена
100;21/06/2019;58,8421;Японская иена
100;22/06/2019;58,7935;Японская иена
100;25/06/2019;58,5722;Японская иена
100;26/06/2019;58,4190;Японская иена
100;27/06/2019;58,4617;Японская иена
100;28/06/2019;58,3779;Японская иена
100;29/06/2019;58,5878;Японская иена
100;02/07/2019;58,2351;Японская иена
100;03/07/2019;58,4159;Японская иена
100;04/07/2019;58,9364;Японская иена
100;05/07/2019;58,8111;Японская иена
100;06/07/2019;58,8714;Японская иена
100;09/07/2019;58,9505;Японская иена
100;10/07/2019;58,5735;Японская иена
100;11/07/2019;58,5767;Японская иена
100;12/07/2019;58,3039;Японская иена
100;13/07/2019;58,1825;Японская иена
100;16/07/2019;58,2442;Японская иена
100;17/07/2019;58,1413;Японская иена
100;18/07/2019;58,1398;Японская иена
100;19/07/2019;58,3177;Японская иена
100;20/07/2019;58,3828;Японская иена
100;23/07/2019;58,3964;Японская иена
100;24/07/2019;58,3744;Японская иена
100;25/07/2019;58,4166;Японская иена
100;26/07/2019;58,4275;Японская иена
100;27/07/2019;58,0933;Японская иена
100;30/07/2019;58,4504;Японская иена
100;31/07/2019;58,3709;Японская иена
100;01/08/2019;58,4140;Японская иена